Workbook

Sheet Trade Data
A1: Date | B1: Symbol | C1: Company | D1: Shares | E1: Buy Price | F1: Buy Commission | G1: Current Price | H1: Gross Buy | I1: Buy Tax/Levies | J1: True Buy Cost | K1: Gross Current Worth | L1: Sell Commission | M1: Sell Tax/Levies | N1: Sell Regulatory/Other | O1: Net Sale Proceeds | P1: Pre-CGT P/L | Q1: CGT | R1: Final P/L | S1: True Break-even
A2: 18-Aug-2026 | B2: SNGP | C2: SNGPL | D2: 1 | E2: 104.2 | F2: 0.21 | G2: 102.5 | H2: =D2*E2 | I2: 0 | J2: =H2+F2+I2 | K2: =D2*G2 | L2: =D2*G2*0.002 | M2: 0 | N2: =K2-L2-M2 | O2: =N2-J2 | P2: =MAX(O2,0)*0.15 | Q2: =O2-P2 | R2: =(J2+L2+M2)/D2
A3: 18-Aug-2026 | B3: SNGP | C3: SNGPL | D3: 1 | E3: 105.6 | F3: 0.21 | G3: 102.5 | H3: =D3*E3 | I3: 0 | J3: =H3+F3+I3 | K3: =D3*G3 | L3: =D3*G3*0.002 | M3: 0 | N3: =K3-L3-M3 | O3: =N3-J3 | P3: =MAX(O3,0)*0.15 | Q3: =O3-P3 | R3: =(J3+L3+M3)/D3
A4: 19-Aug-2026 | B4: SNGP | C4: SNGPL | D4: 1 | E4: 101.85 | F4: 0.2 | G4: 102.5 | H4: =D4*E4 | I4: 0 | J4: =H4+F4+I4 | K4: =D4*G4 | L4: =D4*G4*0.002 | M4: 0 | N4: =K4-L4-M4 | O4: =N4-J4 | P4: =MAX(O4,0)*0.15 | Q4: =O4-P4 | R4: =(J4+L4+M4)/D4
A5: 19-Aug-2026 | B5: SNGP | C5: SNGPL | D5: 1 | E5: 101.9 | F5: 0.2 | G5: 102.5 | H5: =D5*E5 | I5: 0 | J5: =H5+F5+I5 | K5: =D5*G5 | L5: =D5*G5*0.002 | M5: 0 | N5: =K5-L5-M5 | O5: =N5-J5 | P5: =MAX(O5,0)*0.15 | Q5: =O5-P5 | R5: =(J5+L5+M5)/D5
A6: 19-Aug-2026 | B6: SNGP | C6: SNGPL | D6: 1 | E6: 102 | F6: 0.2 | G6: 102.5 | H6: =D6*E6 | I6: 0 | J6: =H6+F6+I6 | K6: =D6*G6 | L6: =D6*G6*0.002 | M6: 0 | N6: =K6-L6-M6 | O6: =N6-J6 | P6: =MAX(O6,0)*0.15 | Q6: =O6-P6 | R6: =(J6+L6+M6)/D6
A7: 19-Aug-2026 | B7: SNGP | C7: SNGPL | D7: 1 | E7: 102.2 | F7: 0.2 | G7: 102.5 | H7: =D7*E7 | I7: 0 | J7: =H7+F7+I7 | K7: =D7*G7 | L7: =D7*G7*0.002 | M7: 0 | N7: =K7-L7-M7 | O7: =N7-J7 | P7: =MAX(O7,0)*0.15 | Q7: =O7-P7 | R7: =(J7+L7+M7)/D7
A8: 19-Aug-2026 | B8: SNGP | C8: SNGPL | D8: 1 | E8: 102.6 | F8: 0.21 | G8: 102.5 | H8: =D8*E8 | I8: 0 | J8: =H8+F8+I8 | K8: =D8*G8 | L8: =D8*G8*0.002 | M8: 0 | N8: =K8-L8-M8 | O8: =N8-J8 | P8: =MAX(O8,0)*0.15 | Q8: =O8-P8 | R8: =(J8+L8+M8)/D8
A9: 19-Aug-2026 | B9: SNGP | C9: SNGPL | D9: 1 | E9: 102.75 | F9: 0.21 | G9: 102.5 | H9: =D9*E9 | I9: 0 | J9: =H9+F9+I9 | K9: =D9*G9 | L9: =D9*G9*0.002 | M9: 0 | N9: =K9-L9-M9 | O9: =N9-J9 | P9: =MAX(O9,0)*0.15 | Q9: =O9-P9 | R9: =(J9+L9+M9)/D9
A10: 19-Aug-2026 | B10: SNGP | C10: SNGPL | D10: 1 | E10: 103 | F10: 0.21 | G10: 102.5 | H10: =D10*E10 | I10: 0 | J10: =H10+F10+I10 | K10: =D10*G10 | L10: =D10*G10*0.002 | M10: 0 | N10: =K10-L10-M10 | O10: =N10-J10 | P10: =MAX(O10,0)*0.15 | Q10: =O10-P10 | R10: =(J10+L10+M10)/D10
A11: 20-Aug-2026 | B11: SNGP | C11: SNGPL | D11: 1 | E11: 101.6 | F11: 0.2 | G11: 102.5 | H11: =D11*E11 | I11: 0 | J11: =H11+F11+I11 | K11: =D11*G11 | L11: =D11*G11*0.002 | M11: 0 | N11: =K11-L11-M11 | O11: =N11-J11 | P11: =MAX(O11,0)*0.15 | Q11: =O11-P11 | R11: =(J11+L11+M11)/D11
A12: 20-Aug-2026 | B12: SNGP | C12: SNGPL | D12: 1 | E12: 101.5 | F12: 0.2 | G12: 102.5 | H12: =D12*E12 | I12: 0 | J12: =H12+F12+I12 | K12: =D12*G12 | L12: =D12*G12*0.002 | M12: 0 | N12: =K12-L12-M12 | O12: =N12-J12 | P12: =MAX(O12,0)*0.15 | Q12: =O12-P12 | R12: =(J12+L12+M12)/D12
A13: 20-Aug-2026 | B13: SNGP | C13: SNGPL | D13: 1 | E13: 101.61 | F13: 0.2 | G13: 102.5 | H13: =D13*E13 | I13: 0 | J13: =H13+F13+I13 | K13: =D13*G13 | L13: =D13*G13*0.002 | M13: 0 | N13: =K13-L13-M13 | O13: =N13-J13 | P13: =MAX(O13,0)*0.15 | Q13: =O13-P13 | R13: =(J13+L13+M13)/D13
... A32: 20-Aug-2026 | B32: SNGP | C32: SNGPL | D32: 1 | E32: 103 | F32: 0.21 | G32: 102.5 | H32: =D32*E32 | I32: 0 | J32: =H32+F32+I32 | K32: =D32*G32 | L32: =D32*G32*0.002 | M32: 0 | N32: =K32-L32-M32 | O32: =N32-J32 | P32: =MAX(O32,0)*0.15 | Q32: =O32-P32 | R32: =(J32+L32+M32)/D32

Sheet Fee Settings
A1: Parameter | B1: Value | C1: Notes
A2: Zindigi commission rate > PKR25 | B2: 0.002 | C2: Zindigi states 0.20% of traded value for shares above PKR25.
A3: Zindigi commission <= PKR25 | B3: 0.05 | C3: PKR 0.05/share.
A4: CGT rate (2026, shares acquired >= 1-Jul-2025) | B4: 0.15 | C4: Use as an editable assumption; verify final NCCPL tax computation.
A5: Buy tax/levies per trade | B5: 0 | C5: Enter actual contract-note amount.
A6: Sell tax/levies per trade | B6: 0 | C6: Enter actual contract-note amount.
A7: Sell regulatory/other per trade | B7: 0 | C7: Enter actual contract-note amount.
A10: Important | B10: Fees are editable assumptions; contract-note charges should replace zeros where applicable.

Sheet Summary
A1: Metric | B1: Formula / Value
A2: Total Shares | B2: =SUM('Trade Data'!D2:D32)
A3: Gross Purchase Value | B3: =SUM('Trade Data'!H2:H32)
A4: Buy Commission | B4: =SUM('Trade Data'!F2:F32)
A5: True Buy Cost | B5: =SUM('Trade Data'!J2:J32)
A6: Current Market Value | B6: =SUM('Trade Data'!K2:K32)
A7: Estimated Sell Commission | B7: =SUM('Trade Data'!L2:L32)
A8: Estimated Net Sale Proceeds | B8: =SUM('Trade Data'!N2:N32)
A9: Pre-CGT P/L | B9: =SUM('Trade Data'!O2:O32)
A10: Estimated CGT | B10: =SUM('Trade Data'!P2:P32)
A11: Final P/L | B11: =SUM('Trade Data'!Q2:Q32)
A12: Weighted Avg Buy Price | B12: =SUM('Trade Data'!H2:H32)/B2
A13: Cost/Share incl Buy Commission | B13: =B5/B2
A14: Current Price | B14: 102.5
A15: Portfolio Break-even incl current assumptions | B15: =SUM('Trade Data'!J2:J32)/B2+SUM('Trade Data'!L2:L32)/B2
